2024-04-21T14:43:14Z,EQBFcY9QymennPYGFNsalsHiUNxAkZJJwZmIg0lI3EZPvEdq,EQC_74epowycMOTiRCnxzMrds2AP94KawhrYp_0jvFNwsbNl,1
2024-04-21T13:53:16Z,EQA-BnKReoW13Rv6DqMMdIYBNbjeI1n8nCjrumDMXTRbT_dr,EQAOWnv0uEo8ar3dJHGlewgsfW6Ci27k9Yr5xcP-LM5LCcQe,0
2024-04-21T13:43:30Z,EQAA3DLejkKT-aHvnn2UHe0MA47nZtW8NieJO8lq1Jovl042,EQDaCtCNyuVwS824FCJ25MktNtvLDNX7w1c_Sbtb1vBBJWfT,0
2024-04-21T13:33:31Z,EQB75B43mEJgBBSAuCLMs5iEdwq9iDgDzI3NGHsdCmXLW7_Z,EQBXOqXjBwut6SxEhg5iV4BHUOThbGdycYAAwSTtfKVLsC7v,0
2024-04-21T13:33:31Z,EQC4Gp9r8z-VnMFg5DSb1SI-AfHcZq_X6bTfXsWvCatSGgNE,EQD4HqX-08eRz3zPEchLoKf_3vhQ4ZpFQK7oCuTNVe-QTcJ1,0
2024-04-21T13:33:31Z,EQBZdHn4-o0i-JaZeUSeCMpF-Muw5yTGL5oMFn1SjfEVxkyl,EQBOD_35SDuzHQiG7I0E8sprItAbNeN07necUToPIu4PBgHN,0
2024-04-21T13:03:15Z,EQCnFLW2FjZeRLoHw8pMPlYWbHBSmCZrePMUTSZwVES_ygm6,EQBoGMl6z4nnFgk_nYdLdOQnpnvMUW1J4gK_lna49a8z-pXN,0
2024-04-21T13:03:15Z,EQBKf6Gy4y2DMprPedK0uYhivc4LgnuhLIzsM4YmEtx3TEeR,EQAjh8YeUd9OKHAZd13j410H5VSHPbiX3y4Obf3F0Ss7vJTB,0
2024-04-21T13:03:12Z,EQCkLuYgA0QzA-GHUH5Q27N-ItdxbzzFIGztjfzj67qG0-3N,EQDhZr4X0NiWhDMMc5dUELAS0jXWx6v9gIH_NSnEuGEIeNIq,0
2024-04-21T12:53:15Z,EQD1q8wOUgo-694fZj9G16JLQ5rcwaLSQqMnLJb3iQhmKFGg,EQBTpot2p16YKvc12bXHRE-8WOPMXCNV3HsM3mBrkaAlXd6D,0
2024-04-21T12:53:15Z,EQDwrTBRQjRoso0aJFmRxshv1ZVFJFIpHJL71j6YFGcOPRZX,EQDjKiWv9dVkI9CEK-iAo_Iu0xcN-UgMJX_ffdQbsgpSfui_,0
2024-04-21T12:43:14Z,EQDeZxI9_9EWhxeGLgJZayYlfXVacCrmku87CTSStW2fV4i7,EQDBGZ2BF2LjJvPxmweCDnfaWi5sO9pgZyoQq2pflIncbivZ,0
2024-04-21T12:33:26Z,EQBYYp6UXceci30jNABDm2LUfVoOWaRyuZ9lzA9SFJ7WrYTR,EQBbho95scUEkvPnoV-EUDw2MBujTRBqRlVlpqX1Jdp-s9dZ,0
2024-04-21T12:13:15Z,EQAg9hikgbpxV_D4hlvaKqckri3Mux7AdKLh3Jj9-UONQQ7f,EQAL2jMQ89FdOrOwyY8UUCadq-aX7cu4RoixToCkdKjU4DPz,0
2024-04-21T12:13:13Z,EQC-BsmL6Vlw10bGUIxhaijnSGQ8GiWoFh7EyDvmMH20RFUd,EQAnhenTxjuJaRniVhoJmfvnjVfEqqTBgla8UBBHclCa7Epl,0
2024-04-21T12:03:14Z,EQDJmawXt0E3omvHTqhNgiQ0elkZdrdKkJMk75IyhB2Yflvs,EQCuaJHryKyfWVvtq1vptmw89daOG95JMwfpr-O1E9PbdQuF,0
2024-04-21T11:53:11Z,EQB6ZHoDZZi8oVJmFeMse593oDV7Ib1o56ZpjcOrQGdizzTn,EQAWmQ8v_5i3yukoW33kJPuRBt5hH4Ewv2sWglZA3PliX7HB,0
2024-04-21T11:43:14Z,EQBp1sWspsQD3xKk7B_sIvdfQlvVPG_PJwUx71rrAt2o_WVk,EQDvUtspCjvQhbSzwWkd69cyDk0ykcYS5azPSuuNPKG5Ac5Q,0
2024-04-21T11:33:11Z,EQAMjajjKpYdHtk6sq8Ox6MAl6fcw0VaK_mnUAGF0N2gXKe2,EQCr3QlbuUnHqqNWemGogrA1MED1ZEA1xNIXUnO8bwp2rz3k,0
2024-04-21T11:23:19Z,EQB_mWRjSSIfQ4fMNk-GKD4jinfUVvtPlPw1hbH62FbAqzOz,EQDiUF-bP9YivpW4zys6ExMJ7J8nufoieFNcEFXBJcEiOeB1,0
2024-04-21T11:23:15Z,EQCENLyXwx5aKwwM5_MRPFKPIUggbf34kOz4CbMpRrapdrp2,EQBg81KiagwQQgAs6yFL8lA4BICesXyPyebE9fP47wpOCw3v,0
2024-04-21T11:13:22Z,EQAKm-zinH-cMo7QlMLc7i0jPXx_LCrxPGJQzoM19yltvKN-,EQAj85pzhrQCvkGWA6Pa06ifuAQbggMXw23Jk54XIBYJS3Pj,0
2024-04-21T11:03:13Z,EQCkCwEO9_Z9AGLXLZlOSsm9uRETB1iypCg6tLDJMFrTDVuV,EQCHcAeNB0D1mIY7afUbDTsy2X9JOVzCH4ofixoTKJgaofbk,0
2024-04-21T11:03:11Z,EQCbsBHZpZn6EDb7tw48GERk3bwh9mPcgAVaZjcCbq8FKRHh,EQCTtASRpdmdYM1aH2pmNjb0aEDjeEOuyQV4DaQ6ijaE_FOJ,0
2024-04-21T10:53:26Z,EQCKijKtZIVIpEewWUX4I3G_HS1NfZCRbTh3nq60IoUvwe-t,EQA2HCOFUm1VSGTRyVSwrsJcwZyLHTeet6nUyi2tW0a04Jx8,0
2024-04-21T10:53:22Z,EQBHXEbk4yysNOIgNU3ipLljyztYR0O8sJkmmpszlKO4U87c,EQDMeq59KbgJHJ_jKKxxekCCe5Zrnh49eEjpHjDKX7Tc2pfd,0
2024-04-21T10:33:14Z,EQDEKYkIDOYGjVg-gQrY3WhTEV-pQuTmGcmfHLa16K0T2IfZ,EQCt6PfzkWPygYMyJy4Aewi6fSmSqImpjUJERmv0Ycg8N9No,0
2024-04-21T10:33:12Z,EQD1Wdbg9HYrmMTsh9LQ6QyVpHIkV_Q4TNbeLWG4uF5w1Roz,EQBNNT-5W85_zSXhpRJdnFMmth95BXRmMt1_dz0cOa7NMQfT,0
2024-04-21T14:53:18Z,EQCDihCYGLZqt8GC_rqmyjFWHrcd-CdOFkqbA-wyQYuG3DTn,EQAC3dZ1oGl78eElbNWhFCDpwaRozVQI7BQ67KDzv2_i2nDn,1
2024-04-21T15:43:13Z,EQDjjpT1UUOwTtX7vGKnS0KVWTidoCyB4yrSn1DNRgIRu_lm,EQBM0U5C7Fomz3ueGIsMmAOAy-8JSgogDd42S0g-LTJKpTQs,0
2024-04-21T15:33:13Z,EQAkQfbwxQc-QZAP7bNWVwXEq5CmXn5IzufQ3EmSOWg2bnGf,EQD74gqkVsclXQ5Sv6APpVyXe1slbPUMQjTZPNBpWiFAYH_6,0
2024-04-21T15:33:13Z,EQCsSFViy2eu5kFhRHlfJ94nXeX1iu_tnnzuF9i10_B5wJWV,EQBpuh45HYAlqcU_JSXThCxGF-Cli2JFNnoycj3dr2C2JApu,0
2024-04-21T15:33:13Z,EQDyk7qNoLEFCqvlE0GEXd-xHJNVCgzEEwSmZo27XW_cC_xv,EQB-_FIcbqd640DVj6IB57rwnAjpn_m2KA4mog8IqZZAsJnp,0
2024-04-21T15:23:18Z,EQA8GYpVyYIslJXJpvBmhVp9yg4BAgvoRP6DIL43PpCY1Nz8,EQBWDwUffkdASzQbEpu6rlZDqJTD9fTw-ZqyH4We9HtXPm-N,0
2024-04-21T15:13:19Z,EQCIPWvf5Abaku-iMKRiZnH0Af2KmMFYZVnLeK1ZkMBU0SGD,EQD_rAMNWKN6llAhRmzYAqZ-tYiwIr5SI-RHZcXyGVf5ZOUu,1
2024-04-21T15:03:13Z,EQB35J6gdvvawDx2cf1km3TqyE8HzKyl3JzeOSdMuBTY5Vwv,EQD6md4hBf6QJZ2L6Rrm3LhL6Jevf-7QksKSsprxJvFzml71,0
2024-04-21T15:03:13Z,EQBejac2BW06-bQmcJfTU1g4pjMbVrxiA6lVtSgogVShEx0N,EQBvt91MsYXa4MrCUyfubLuqOsgRd8548szUD_Mi228xvc0M,0
2024-04-21T14:53:18Z,EQC4lkipmiwMHEPdlmRbZGUJ7dwMgi5oL-Q1t8JhNkSojbtf,EQDPMxzMMHH3EjDR4Glbtx_FE7KlQ9ISwLA0lxU7mdjgpBFB,0
2024-04-21T14:53:18Z,EQBkU-WjfGWh3vp76yDENFUQ1mT3l40x4YY9ORRnRn2E5AmF,EQBGZaAyN0uK-0qHdl12amutwdyspRbnU7O_A7O8OxdXr9ve,0
2024-04-21T14:53:18Z,EQDZ107WjrzSWsa2myrGxkaN5EoZy4C-BtENt7LQrwfb4f3f,EQBnHmlwu-WwJyLXkjIRpiqUdEeZQb4qOYO_GncEm8z2_O_W,0
2024-04-21T14:53:14Z,EQBTwI98YkhENlIfluVI6GIIu4WQG4OWiJovch91CcCimp7l,EQCCVXF9QEQMtxJr16zCnt0Ema-JMU7jZsO1Xw__GNeGWjqN,0
2024-04-21T14:43:14Z,EQB3y0Dm4cGt5SSUIE84DgvrmezQyQb3QIOsDKfBPhZ8Rt9Z,EQCK-p0b9LY-fR6stacPXaTlF0IV7BcDigidmNAJlUv2DGfP,0
2024-04-21T14:33:25Z,EQDbCTHaIRhU5OfMb8LuakAE3bSHnrmwcKFUEEF_Oava2x-X,EQAHHYw_Jek_Ct07PNRZrOHnZJOiReY2lTw0Hj3s00DxDLlg,0
2024-04-21T14:33:25Z,EQDCWpyB_Qe_VGwjurMTb8ED8C6X5dwxyLcxjReFsGSMgwfi,EQBh0U9Rk4ZBs1zourYMkm_q8hWltSv9GtnQdIX9DGq4gPfi,0
2024-04-21T14:33:20Z,EQDGORnTMob95LRvmNtn-zNgTiAcggcg7PljQ0ZoqV2Mx85a,EQCy8xi1oAyks91BoKfWQBxbDwYX3gIEZtH8AcZdyUFW9_2O,0
2024-04-21T14:23:18Z,EQDWxLvC8f9-eYUuO5-dSgC6KuvOIynnkSAwL_a0UxbVDZON,EQABJCHCC6JHNsBHApZFIK5BtZ3e8IJOHJd8q5rXPHV9nboN,0
2024-04-21T14:23:18Z,EQATkb56bLeUKbHPwc_53hcLuXD6G_Rjg-sPiJglEajJrdkA,EQBdyjqSSTUzIB8DubRwXZ4wGPIp-zgefTfcowbW-rig_lfr,0
2024-04-21T14:13:20Z,EQD6fJawUiSTRVyQR8Gl8O6CkW3g1UDCVUxlpq3GeHQrLZOY,EQBqU1JTlt4cukoz-DzJoe-khXgtywFDOA7zL1HD7Zww_ykv,0
2024-04-21T14:13:16Z,EQAAkLRTNKeMF1eI5JdUHtrsXjFndeQYaFSYT0qZ8kU0ayWx,EQBlAidg9MfYLDWBa3__kuKGf2-j1kuxYguJLNwk3muyHdRm,0
2024-04-21T14:03:12Z,EQBjrNRsIZRAJsHCAMOmck9uz8i_XMN1hdNoMYFHSOkb48f7,EQC-wQxbpK4jZqWhzWVXaD7FzWamwf-HXOqI5IE-VqBhsapo,0
2024-04-21T14:03:12Z,EQAp-KO89Dvcg2C2ZaKsMMMcFdZtREMKdC24xp3d6lUiL8zI,EQBueG4P2n3jKlBaEVSK6UX8KgtTjHkt4vGa5tuS7btEwmmw,0
2024-04-21T14:03:10Z,EQDJSBLzfXmZ9bQUxjKHqFZXydPIgHlpU5RukvKmDG69gmHn,EQAP0C5oK6EvAFegd5LkriOr2t5dWkclOXdIvkd8JYEXiJ81,0
2024-04-21T13:53:16Z,EQA-BnKReoW13Rv6DqMMdIYBNbjeI1n8nCjrumDMXTRbT_dr,EQAOWnv0uEo8ar3dJHGlewgsfW6Ci27k9Yr5xcP-LM5LCcQe,0
2024-04-21T13:43:30Z,EQAA3DLejkKT-aHvnn2UHe0MA47nZtW8NieJO8lq1Jovl042,EQDaCtCNyuVwS824FCJ25MktNtvLDNX7w1c_Sbtb1vBBJWfT,0
2024-04-21T13:33:31Z,EQB75B43mEJgBBSAuCLMs5iEdwq9iDgDzI3NGHsdCmXLW7_Z,EQBXOqXjBwut6SxEhg5iV4BHUOThbGdycYAAwSTtfKVLsC7v,0
2024-04-21T13:33:31Z,EQAYMMnvO6TPaCRw5Z7lsN-yUg3Qh_O21iOnkYAXrI09nWx5,EQAqcHDHBsw_sY5Yw8CKHnWKLDazH4vpu91ua18G5uuGQ4s4,0
2024-04-21T13:33:31Z,EQC4Gp9r8z-VnMFg5DSb1SI-AfHcZq_X6bTfXsWvCatSGgNE,EQD4HqX-08eRz3zPEchLoKf_3vhQ4ZpFQK7oCuTNVe-QTcJ1,0
2024-04-21T13:33:31Z,EQBZdHn4-o0i-JaZeUSeCMpF-Muw5yTGL5oMFn1SjfEVxkyl,EQBOD_35SDuzHQiG7I0E8sprItAbNeN07necUToPIu4PBgHN,0
2024-04-21T13:03:15Z,EQCnFLW2FjZeRLoHw8pMPlYWbHBSmCZrePMUTSZwVES_ygm6,EQBoGMl6z4nnFgk_nYdLdOQnpnvMUW1J4gK_lna49a8z-pXN,0
2024-04-21T13:03:15Z,EQBKf6Gy4y2DMprPedK0uYhivc4LgnuhLIzsM4YmEtx3TEeR,EQAjh8YeUd9OKHAZd13j410H5VSHPbiX3y4Obf3F0Ss7vJTB,0
2024-04-21T13:03:12Z,EQCkLuYgA0QzA-GHUH5Q27N-ItdxbzzFIGztjfzj67qG0-3N,EQDhZr4X0NiWhDMMc5dUELAS0jXWx6v9gIH_NSnEuGEIeNIq,0
2024-04-21T12:53:15Z,EQD1q8wOUgo-694fZj9G16JLQ5rcwaLSQqMnLJb3iQhmKFGg,EQBTpot2p16YKvc12bXHRE-8WOPMXCNV3HsM3mBrkaAlXd6D,0
2024-04-21T13:33:31Z,EQAYMMnvO6TPaCRw5Z7lsN-yUg3Qh_O21iOnkYAXrI09nWx5,EQAqcHDHBsw_sY5Yw8CKHnWKLDazH4vpu91ua18G5uuGQ4s4,0
2024-04-21T12:43:14Z,EQDeZxI9_9EWhxeGLgJZayYlfXVacCrmku87CTSStW2fV4i7,EQDBGZ2BF2LjJvPxmweCDnfaWi5sO9pgZyoQq2pflIncbivZ,0
2024-04-21T12:33:26Z,EQBYYp6UXceci30jNABDm2LUfVoOWaRyuZ9lzA9SFJ7WrYTR,EQBbho95scUEkvPnoV-EUDw2MBujTRBqRlVlpqX1Jdp-s9dZ,0
2024-04-21T14:43:11Z,EQDWBGqR_MxlD9QIjDvyVOsMrqYVZ2m98YiwqypouAQylN1P,EQBiZTdkYYy_F3ZB7dusvln0f1aRXcIA0TGNKKy7ArkH-MP4,0
2024-04-21T12:13:15Z,EQAg9hikgbpxV_D4hlvaKqckri3Mux7AdKLh3Jj9-UONQQ7f,EQAL2jMQ89FdOrOwyY8UUCadq-aX7cu4RoixToCkdKjU4DPz,0
2024-04-21T12:13:13Z,EQC-BsmL6Vlw10bGUIxhaijnSGQ8GiWoFh7EyDvmMH20RFUd,EQAnhenTxjuJaRniVhoJmfvnjVfEqqTBgla8UBBHclCa7Epl,0
2024-04-21T12:13:13Z,EQC-BsmL6Vlw10bGUIxhaijnSGQ8GiWoFh7EyDvmMH20RFUd,EQAnhenTxjuJaRniVhoJmfvnjVfEqqTBgla8UBBHclCa7Epl,0
2024-04-21T12:03:14Z,EQDJmawXt0E3omvHTqhNgiQ0elkZdrdKkJMk75IyhB2Yflvs,EQCuaJHryKyfWVvtq1vptmw89daOG95JMwfpr-O1E9PbdQuF,0
2024-04-21T11:53:11Z,EQB6ZHoDZZi8oVJmFeMse593oDV7Ib1o56ZpjcOrQGdizzTn,EQAWmQ8v_5i3yukoW33kJPuRBt5hH4Ewv2sWglZA3PliX7HB,0
2024-04-21T11:43:14Z,EQBp1sWspsQD3xKk7B_sIvdfQlvVPG_PJwUx71rrAt2o_WVk,EQDvUtspCjvQhbSzwWkd69cyDk0ykcYS5azPSuuNPKG5Ac5Q,0
2024-04-21T11:33:11Z,EQAMjajjKpYdHtk6sq8Ox6MAl6fcw0VaK_mnUAGF0N2gXKe2,EQCr3QlbuUnHqqNWemGogrA1MED1ZEA1xNIXUnO8bwp2rz3k,0
2024-04-21T11:23:19Z,EQB_mWRjSSIfQ4fMNk-GKD4jinfUVvtPlPw1hbH62FbAqzOz,EQDiUF-bP9YivpW4zys6ExMJ7J8nufoieFNcEFXBJcEiOeB1,0
2024-04-21T11:23:15Z,EQCENLyXwx5aKwwM5_MRPFKPIUggbf34kOz4CbMpRrapdrp2,EQBg81KiagwQQgAs6yFL8lA4BICesXyPyebE9fP47wpOCw3v,0
2024-04-21T11:13:22Z,EQAKm-zinH-cMo7QlMLc7i0jPXx_LCrxPGJQzoM19yltvKN-,EQAj85pzhrQCvkGWA6Pa06ifuAQbggMXw23Jk54XIBYJS3Pj,0
2024-04-21T11:03:13Z,EQCkCwEO9_Z9AGLXLZlOSsm9uRETB1iypCg6tLDJMFrTDVuV,EQCHcAeNB0D1mIY7afUbDTsy2X9JOVzCH4ofixoTKJgaofbk,0
2024-04-21T11:03:11Z,EQCbsBHZpZn6EDb7tw48GERk3bwh9mPcgAVaZjcCbq8FKRHh,EQCTtASRpdmdYM1aH2pmNjb0aEDjeEOuyQV4DaQ6ijaE_FOJ,0
2024-04-21T10:53:26Z,EQCKijKtZIVIpEewWUX4I3G_HS1NfZCRbTh3nq60IoUvwe-t,EQA2HCOFUm1VSGTRyVSwrsJcwZyLHTeet6nUyi2tW0a04Jx8,0
2024-04-21T10:53:22Z,EQBHXEbk4yysNOIgNU3ipLljyztYR0O8sJkmmpszlKO4U87c,EQDMeq59KbgJHJ_jKKxxekCCe5Zrnh49eEjpHjDKX7Tc2pfd,0
2024-04-21T10:33:14Z,EQDEKYkIDOYGjVg-gQrY3WhTEV-pQuTmGcmfHLa16K0T2IfZ,EQCt6PfzkWPygYMyJy4Aewi6fSmSqImpjUJERmv0Ycg8N9No,0
2024-04-21T10:33:12Z,EQD1Wdbg9HYrmMTsh9LQ6QyVpHIkV_Q4TNbeLWG4uF5w1Roz,EQBNNT-5W85_zSXhpRJdnFMmth95BXRmMt1_dz0cOa7NMQfT,0
2024-04-21T10:23:07Z,EQAfUKsU9YWNHR3VJv6Vkpm-Faj5eMBOJdu1RTCIeXSW7lC_,EQDcON0JhgVLNo183vPcpRC8nvyu1jS7p8nr966ZqFWP4vMU,0
2024-04-21T10:13:26Z,EQC-3pPJa7Ob4Kofj9LrUUusOoXoP-ndNhP4oACgpvx_ROzy,EQBE7qBJrIzh2xQrEhZsF_fH24DLXvRpL9FwVjICUkciSy6m,0
2024-04-21T10:13:22Z,EQDlMYN3k2YItqKlu2PnFo2ziqLc5q7KKNli1OBOOJP9yuu0,EQC7npsTMDku4pI5jbrG_27VfcN-08Wmfb6lSCHFQveJhucx,0
2024-04-21T10:03:16Z,EQD75-mqpYtuNMXVQ5gqNLYO92JhAOIpA6peYM7MvO197bRm,EQCOuCqUJFWZCrgKoEwUl9Oa1wl9Qiu9lbE5W955AM505XjT,0
2024-04-21T09:33:11Z,EQBgVLbEF-yh2lZRl4RZS_0sd_WnfeplIx9BTngElpGFCXOy,EQBI3Pl-zAZidfK-lFBu3PoKl6aeUCr-krmuvAL8DLz1p-9r,0
2024-04-21T09:33:10Z,EQDXhIJ30OJs6AxlvzB86L8D-Z0OTkpLxciqXUMj0YIrcQ2c,EQBH6xk3T84ZhFWCWtC9bdoNUHEv-W_ruc6D4n2HLRJsL5Oj,0
2024-04-21T09:13:18Z,EQCRyoH4feNbDcPFVH5_MPry3fyc0fe1WN5UhblR9veHel_O,EQBdysDY0Is_AGNtYMa72nTGl_-_tITOKuoZE4R1TyYfa6py,1
2024-04-21T09:13:17Z,EQDz9oyRxqY4l329EqrH8DegUOgtSNdJG0skrtqZqVcHLbCL,EQCr_RCv1-npD4nOHOvRzmqZLWVCkVhyMzMp5M11aa1QPfOE,0
2024-04-21T09:03:11Z,EQAeKCcrCBlymj9kkoXn2TG4FzbuD_YHnsvitXEYaufSUcDX,EQDYMoyzDXdugcmaLarhQWlutPEZBWt0dK1MjoA4nPA3g5oy,0
2024-04-21T08:33:16Z,EQAPPuSjwh8YVPcdxr3eoC_He0XH-tnm3icDqkN04h9yybyg,EQCq_6QCblrgu-fhosJZNqT8TK8qubyYHJ1bijIcybdpCI1_,0
2024-04-21T08:33:16Z,EQArEi30BHQuGcNw-0kwfQw5qN_SOxgQ_kbTN4lOX6z14eGU,EQAfsLwidEMcdueID6ljb_vwwzR7MjtW7giSA5EQcNJ-cloL,0
2024-04-21T08:33:15Z,EQB8SV1yF-xlU1A5JeaAKQTWanoN86Qw8ukIAZMLrAv4yj2J,EQBIaMFX3zQ8ye0M5pha7ihg5i_e4WbiDWkPO6--FkCPKDsy,0
2024-04-21T08:23:18Z,EQB-g-TvUcLlgmHZ_yUNGenH00yWRdbVMyW5cCpJTVXHr4Xd,EQCeXKmsn2-qaJIg3xDLSDaNTSLsjOGo1LpWTwm1iloS-9Ta,0
2024-04-21T08:13:11Z,EQBm3p6pRUwutBWnhOt6h1XmcSd-m-wxgMESfosW9fsfS_31,EQAEUgDwIuuM-pm6Uqmmz7CW5I7E36brVwFXgqrRSTb8SK0O,0
2024-04-21T07:53:10Z,EQCchR8LJO6WyNosIoSDQR8nVLueq3dpJv2EK0DAwVVoJR3f,EQD1bh98D5P1DrDuG47yoM4fmFi7N5JjRdDcb35u98K1W8bP,0
2024-04-21T07:23:10Z,EQDTpvKujebz9vL-UbZdRvikB5g2VWxLpVnDg3Jp_QktpdAy,EQAgotSkX06MIW-A0ni5yKqeNlwc3nASnbO1dwGo-kwpg2Zg,0
2024-04-21T07:23:09Z,EQDUJ9z1z9m-PdnrN-mIstTnMJpk-4wh8VUhCXP1m_ds29we,EQDDlumgZAxqChDXpcbbGm0A4Q7fKmbXo_Wom-by2imiA-iY,0
2024-04-21T07:03:13Z,EQCDnX7TIQbKMOUut2MDV_tTnkdfXGwdZ6ODcf9rq3iVQSHH,EQDZsdAPpqKvFOWm_E_9m-K9mXhOgF4eE_ln6VYFAmMTrhgH,0
2024-04-21T06:53:21Z,EQDD2VYhwGvy3XD-NehdMrXfpj8YI0-xyMo1fFp1HGZEGX7d,EQC7tz1BUj4WBwpHW8_9H3aQ_GSruTauHAPgpuHkgmLDzIOn,0
2024-04-21T06:53:18Z,EQAyDJfOHR5E3MkR6M-XEVeNM4Rm-6Cv-tH77lbTbU0d7H_h,EQA45ZHzMaLge-UOzj3TjSjJyxXGhv_XZdMe3YoTa3of4Hu_,0
2024-04-21T06:03:09Z,EQC1mE9jTDqBUy700mia5ej6ZxoPHEGchzHfJGQ8HBs_MyC_,EQDTC8jq9ZSYL2GFQL7CRjPO_5lba80rZnkI0JzalcEwXgsI,0
2024-04-21T05:43:10Z,EQBP3XzBz-cGShBtR46XhXJms39cTsJ-QzyVj2zEX90o-nxu,EQAl4Kynas-R7PlB42gjJTQeBaA6AGJa8oJKyO4eqRRrpCi9,0
2024-04-21T05:33:10Z,EQAVYhKRUPY_p_9osafHo9i2q6NVa7pOhg12dQAeYWk_gwdE,EQAw63ZqLmnwRA77PW07CWIEngwg-eIiysaqZ8IWpUL0nP7a,0
